,prod,﻿CODE_REG,NOM_REGION,CODE_DEPT,NOM_DEPT,NB_ARRONDS,NB_CANTONS,NB_COMMUNES,POP,prodScaled,prodLog,prodString
0,42030.7,82,Rhône-Alpes,01,Ain,4,43,419,614331,42.0307,10.6461555826,42
1,214778.64,22,Picardie,02,Aisne,5,42,816,555094,214.77864,12.2773631953,215
2,27419.75,83,Auvergne,03,Allier,3,35,320,353124,27.41975,10.2190188356,27
3,46904.92,93,Provence-Alpes-Côte d'Azur,04,Alpes-de-Haute-Provence,4,30,200,165155,46.90492,10.755877853,47
4,4960.17,93,Provence-Alpes-Côte d'Azur,05,Hautes-Alpes,2,30,177,142312,4.96017,8.50919529333,5
5,2786.11,93,Provence-Alpes-Côte d'Azur,06,Alpes-Maritimes,2,52,163,1094579,2.78611,7.93240163669,3
6,622519.59,82,Rhône-Alpes,07,Ardèche,3,33,339,324885,622.51959,13.3415303767,623
7,24.4,21,Champagne-Ardenne,08,Ardennes,4,37,463,291678,0.5,3.1945831323,< 1
8,2305.13,73,Midi-Pyrénées,09,Ariège,3,22,332,157582,2.30513,7.74289235297,2
9,648124.0,21,Champagne-Ardenne,10,Aube,3,33,433,311720,648.124,13.3818373151,648
10,3621869.85,91,Languedoc-Roussillon,11,Aude,3,35,438,365854,3621.86985,15.1025009836,3622
11,17890.41,73,Midi-Pyrénées,12,Aveyron,3,46,304,288364,17.89041,9.79202009407,18
12,676055.45,93,Provence-Alpes-Côte d'Azur,13,Bouches-du-Rhône,4,57,119,2000550,676.05545,13.4240303783,676
13,210.45,25,Basse-Normandie,14,Calvados,4,49,706,699561,0.5,5.34924809522,< 1
14,280.25,83,Auvergne,15,Cantal,3,27,260,154135,0.5,5.63568206195,< 1
15,4307966.8,54,Poitou-Charentes,16,Charente,3,35,404,364429,4307.9668,15.2759766106,4308
16,4298342.48,54,Poitou-Charentes,17,Charente-Maritime,5,51,472,640803,4298.34248,15.2737400366,4298
17,251222.05,24,Centre,18,Cher,3,35,290,319600,251.22205,12.4340924884,251
18,4624.59,74,Limousin,19,Corrèze,3,37,286,252235,4.62459,8.43914299737,5
19,34488.69,94,Corse,2A,Corse-du-Sud,2,22,124,145998,34.48869,10.4483867232,34
20,328857.18,94,Corse,2B,Haute-Corse,3,30,236,168869,328.85718,12.7033788322,329
21,420727.05,26,Bourgogne,21,Côte-d'Or,3,43,706,538505,420.72705,12.9497395651,421
22,524458.73,72,Aquitaine,24,Dordogne,4,50,557,426607,524.45873,13.1701220193,524
23,896.72,43,Franche-Comté,25,Doubs,3,35,594,542509,0.5,6.79874366171,< 1
24,854204.44,82,Rhône-Alpes,26,Drôme,3,36,369,499313,854.20444,13.6579258352,854
25,6.0,24,Centre,28,Eure-et-Loir,4,29,402,440291,0.5,1.79175946923,< 1
26,3531719.29,91,Languedoc-Roussillon,30,Gard,3,46,353,726285,3531.71929,15.0772953613,3532
27,84052.49,73,Midi-Pyrénées,31,Haute-Garonne,3,53,589,1268370,84.05249,11.3391967636,84
28,1558564.67,73,Midi-Pyrénées,32,Gers,3,31,463,195489,1558.56467,14.2592758724,1559
29,5642353.04,72,Aquitaine,33,Gironde,6,63,542,1479277,5642.35304,15.5458117421,5642
30,4727618.42,91,Languedoc-Roussillon,34,Hérault,3,49,343,1062617,4727.61842,15.3689321284,4728
31,26601.48,24,Centre,36,Indre,4,26,247,238261,26.60148,10.1887221323,27
32,463792.6,24,Centre,37,Indre-et-Loire,3,37,277,605819,463.7926,13.0471927485,464
33,17658.28,82,Rhône-Alpes,38,Isère,3,58,533,1233759,17.65828,9.77896007417,18
34,75601.33,43,Franche-Comté,39,Jura,3,34,544,271973,75.60133,11.2332291546,76
35,109235.18,72,Aquitaine,40,Landes,2,30,331,397766,109.23518,11.6012584516,109
36,333596.9,24,Centre,41,Loir-et-Cher,3,30,291,340729,333.5969,12.7176886569,334
37,38569.49,82,Rhône-Alpes,42,Loire,3,40,327,766729,38.56949,10.5602168284,39
38,551.85,83,Auvergne,43,Haute-Loire,3,35,260,231877,0.5,6.31327627022,< 1
39,640469.81,52,Pays de la Loire,44,Loire-Atlantique,4,59,221,1317685,640.46981,13.3699572642,640
40,6398.94,24,Centre,45,Loiret,3,41,334,674913,6.39894,8.76388763063,6
41,311200.87,73,Midi-Pyrénées,46,Lot,3,31,340,181232,311.20087,12.6481938669,311
42,358806.33,72,Aquitaine,47,Lot-et-Garonne,4,40,319,342500,358.80633,12.7905380512,359
43,332.97,91,Languedoc-Roussillon,48,Lozère,2,25,185,81281,0.5,5.80805239583,< 1
44,1049359.33,52,Pays de la Loire,49,Maine-et-Loire,4,41,363,808298,1049.35933,13.863690374,1049
45,2232004.48,21,Champagne-Ardenne,51,Marne,5,44,620,579533,2232.00448,14.6184106096,2232
46,6853.26,21,Champagne-Ardenne,52,Haute-Marne,3,32,438,191004,6.85326,8.83247973045,7
47,76.0,52,Pays de la Loire,53,Mayenne,3,32,261,317006,0.5,4.33073334029,< 1
48,5398.57,41,Lorraine,54,Meurthe-et-Moselle,4,44,594,746502,5.39857,8.59388938267,5
49,2441.3,41,Lorraine,55,Meuse,3,31,500,200509,2.4413,7.80028596329,2
50,4415.23,41,Lorraine,57,Moselle,9,51,730,1066667,4.41523,8.39281520681,4
51,91087.25,26,Bourgogne,58,Nièvre,4,32,312,226997,91.08725,11.4195731174,91
52,37.1,31,Nord-Pas-de-Calais,59,Nord,6,79,650,2617939,0.5,3.61361696961,< 1
53,1.65,22,Picardie,60,Oise,4,41,693,823668,0.5,0.500775287912,< 1
54,17948.39,83,Auvergne,63,Puy-de-Dôme,5,61,470,649643,17.94839,9.7952556963,18
55,92426.99,72,Aquitaine,64,Pyrénées-Atlantiques,3,52,547,674908,92.42699,11.4341743145,92
56,10313.37,73,Midi-Pyrénées,65,Hautes-Pyrénées,3,34,474,237945,10.31337,9.24119639072,10
57,826569.98,91,Languedoc-Roussillon,66,Pyrénées-Orientales,3,31,226,457238,826.56998,13.625039863,827
58,455951.19,42,Alsace,67,Bas-Rhin,7,44,527,1115226,455.95119,13.0301410433,456
59,583112.59,42,Alsace,68,Haut-Rhin,6,31,377,765634,583.11259,13.2761355685,583
60,849495.86,82,Rhône-Alpes,69,Rhône,2,54,293,1756069,849.49586,13.6523983466,849
61,3733.08,43,Franche-Comté,70,Haute-Saône,2,32,545,247311,3.73308,8.22498890917,4
62,774843.14,26,Bourgogne,71,Saône-et-Loire,5,57,573,574874,774.84314,13.5604158878,775
63,5844.12,52,Pays de la Loire,72,Sarthe,3,40,375,579497,5.84412,8.67319130654,6
64,106863.26,82,Rhône-Alpes,73,Savoie,3,37,305,428751,106.86326,11.5793053523,107
65,12704.72,82,Rhône-Alpes,74,Haute-Savoie,4,34,294,760979,12.70472,9.44972885694,13
66,1829.12,11,Île-de-France,77,Seine-et-Marne,5,43,514,1347008,1.82912,7.51159025586,2
67,51255.19,54,Poitou-Charentes,79,Deux-Sèvres,3,33,305,380569,51.25519,10.8445721602,51
68,397100.65,73,Midi-Pyrénées,81,Tarn,2,46,323,387099,397.10065,12.891945054,397
69,85079.95,73,Midi-Pyrénées,82,Tarn-et-Garonne,2,30,195,248227,85.07995,11.3513466816,85
70,1568624.63,93,Provence-Alpes-Côte d'Azur,83,Var,3,43,153,1026222,1568.62463,14.2657097615,1569
71,2403997.02,93,Provence-Alpes-Côte d'Azur,84,Vaucluse,3,24,151,555240,2403.99702,14.692643335,2404
72,56743.73,52,Pays de la Loire,85,Vendée,3,31,282,654096,56.74373,10.9463004447,57
73,68504.56,54,Poitou-Charentes,86,Vienne,3,38,281,438566,68.50456,11.1346555914,69
74,363.4,74,Limousin,87,Haute-Vienne,3,42,201,384781,0.5,5.89550415596,< 1
75,439.02,41,Lorraine,88,Vosges,3,31,515,392846,0.5,6.08454497012,< 1
76,447946.53,26,Bourgogne,89,Yonne,3,42,455,353366,447.94653,13.0124291516,448
77,8.0,43,Franche-Comté,90,Territoire de Belfort,1,15,102,146475,0.5,2.07944154168,< 1
78,100.0,53,Bretagne,22,Côtes-d'Armor,4,52,373,612383,0.5,4.60517018599,< 1
79,100.0,74,Limousin,23,Creuse,2,27,260,127919,0.5,4.60517018599,< 1
80,100.0,23,Haute-Normandie,27,Eure,3,43,675,603194,0.5,4.60517018599,< 1
81,100.0,53,Bretagne,29,Finistère,4,54,283,929286,0.5,4.60517018599,< 1
82,100.0,53,Bretagne,35,Ille-et-Vilaine,4,53,353,1015470,0.5,4.60517018599,< 1
83,100.0,25,Basse-Normandie,50,Manche,4,52,601,517121,0.5,4.60517018599,< 1
84,100.0,53,Bretagne,56,Morbihan,3,42,261,744663,0.5,4.60517018599,< 1
85,100.0,25,Basse-Normandie,61,Orne,3,40,505,301421,0.5,4.60517018599,< 1
86,100.0,31,Nord-Pas-de-Calais,62,Pas-de-Calais,7,77,895,1489209,0.5,4.60517018599,< 1
87,100.0,11,Île-de-France,75,Paris,1,20,1,2268265,0.5,4.60517018599,< 1
88,100.0,23,Haute-Normandie,76,Seine-Maritime,3,69,744,1275952,0.5,4.60517018599,< 1
89,100.0,11,Île-de-France,78,Yvelines,4,39,262,1435448,0.5,4.60517018599,< 1
90,100.0,22,Picardie,80,Somme,4,46,782,583388,0.5,4.60517018599,< 1
91,100.0,11,Île-de-France,91,Essonne,3,42,196,1233645,0.5,4.60517018599,< 1
92,100.0,11,Île-de-France,92,Hauts-de-Seine,3,45,36,1590749,0.5,4.60517018599,< 1
93,100.0,11,Île-de-France,93,Seine-Saint-Denis,3,40,40,1534895,0.5,4.60517018599,< 1
94,100.0,11,Île-de-France,94,Val-de-Marne,3,49,47,1340868,0.5,4.60517018599,< 1
95,100.0,11,Île-de-France,95,Val-d'Oise,3,39,185,1187836,0.5,4.60517018599,< 1
96,100.0,1,Guadeloupe,971,Guadeloupe,2,40,32,409905,0.5,4.60517018599,< 1
97,100.0,2,Martinique,972,Martinique,4,45,34,400535,0.5,4.60517018599,< 1
98,100.0,3,Guyane,973,Guyane,2,19,22,231167,0.5,4.60517018599,< 1
99,100.0,4,La Réunion,974,La Réunion,4,49,24,829903,0.5,4.60517018599,< 1
